ID,Name,Salary,Job Title
1,Taha,100,Asso.Soft.Eng
2,Taha,200,Asso.Soft.Eng
3,Taha,300,Asso.Soft.Eng
4,Taha,400,Asso.Soft.Eng
5,Taha,500,Asso.Soft.Eng
6,Taha,600,Asso.Soft.Eng
7,Taha,700,Asso.Soft.Eng
8,Taha,800,Asso.Soft.Eng
9,Taha,900,Asso.Soft.Eng
10,Taha,1000,Asso.Soft.Eng
12,Taha,1200,HR Manager
13,Taha,1300,HR Manager
14,Taha,1400,HR Manager
15,Taha,1500,HR Manager
16,Taha,1600,HR Manager
17,Taha,1700,HR Manager
18,Taha,1800,HR Manager
19,Taha,1900,HR Manager
20,Taha,2000,HR Manager
21,Taha,2100,HR Manager
22,Taha,2200,HR Manager
23,Taha,2300,HR Manager
24,Taha,2400,HR Manager
25,Taha,2500,HR Manager
26,Taha,2600,HR Manager
27,Taha,2700,HR Manager
28,Taha,2800,HR Manager
29,Taha,2900,HR Manager
30,Taha,3000,HR Manager
31,Taha,3100,HR Manager
32,Taha,3200,HR Manager
33,Taha,3300,HR Manager
34,Taha,3400,HR Manager
35,Taha,3500,HR Manager
36,Taha,3600,HR Manager
